{
	"credit": "Made with Blockbench",
	"texture_size": [32, 32],
	"textures": {
		"0": "item/emf_reader_lvl1",
		"particle": "item/emf_reader_lvl1"
	},
	"elements": [
		{
			"name": "base_top",
			"from": [3.3, 4, 4],
			"to": [8.7, 12, 7],
			"faces": {
				"north": {"uv": [0, 0, 2.5, 4], "texture": "#0"},
				"east": {"uv": [0, 4.5, 1.5, 8.5], "texture": "#0"},
				"south": {"uv": [3, 0, 5.5, 4], "texture": "#0"},
				"west": {"uv": [2, 4.5, 3.5, 8.5], "texture": "#0"},
				"up": {"uv": [6.5, 6, 4, 4.5], "texture": "#0"},
				"down": {"uv": [8.5, 0, 6, 1.5], "texture": "#0"}
			}
		},
		{
			"name": "level_1_dial",
			"from": [7.65, 10.8, 3.75],
			"to": [8.4, 11.8, 4],
			"faces": {
				"north": {"uv": [10.5, 2, 11, 2.5], "texture": "#0"},
				"east": {"uv": [10.5, 3, 11, 3.5], "texture": "#0"},
				"west": {"uv": [10.5, 4, 11, 4.5], "texture": "#0"},
				"up": {"uv": [5.5, 11, 5, 10.5], "texture": "#0"},
				"down": {"uv": [11, 5, 10.5, 5.5], "texture": "#0"}
			}
		},
		{
			"name": "level_2_dial",
			"from": [6.6, 10.8, 3.75],
			"to": [7.35, 11.8, 4],
			"faces": {
				"north": {"uv": [6, 10.5, 6.5, 11], "texture": "#0"},
				"east": {"uv": [10.5, 6, 11, 6.5], "texture": "#0"},
				"west": {"uv": [10.5, 7, 11, 7.5], "texture": "#0"},
				"up": {"uv": [8.5, 11, 8, 10.5], "texture": "#0"},
				"down": {"uv": [9.5, 10.5, 9, 11], "texture": "#0"}
			}
		},
		{
			"name": "level_3_dial",
			"from": [5.6, 10.8, 3.75],
			"to": [6.35, 11.8, 4],
			"faces": {
				"north": {"uv": [11, 0, 11.5, 0.5], "texture": "#0"},
				"east": {"uv": [1, 11, 1.5, 11.5], "texture": "#0"},
				"west": {"uv": [2, 11, 2.5, 11.5], "texture": "#0"},
				"up": {"uv": [3.5, 11.5, 3, 11], "texture": "#0"},
				"down": {"uv": [11.5, 8, 11, 8.5], "texture": "#0"}
			}
		},
		{
			"name": "level_4_dial",
			"from": [4.6, 10.8, 3.75],
			"to": [5.35, 11.8, 4],
			"faces": {
				"north": {"uv": [11, 9, 11.5, 9.5], "texture": "#0"},
				"east": {"uv": [10, 11, 10.5, 11.5], "texture": "#0"},
				"west": {"uv": [11, 11, 11.5, 11.5], "texture": "#0"},
				"up": {"uv": [0.5, 12, 0, 11.5], "texture": "#0"},
				"down": {"uv": [12, 2, 11.5, 2.5], "texture": "#0"}
			}
		},
		{
			"name": "level_5_dial",
			"from": [3.6, 10.8, 3.75],
			"to": [4.35, 11.8, 4],
			"faces": {
				"north": {"uv": [11.5, 3, 12, 3.5], "texture": "#0"},
				"east": {"uv": [4, 11.5, 4.5, 12], "texture": "#0"},
				"west": {"uv": [5, 11.5, 5.5, 12], "texture": "#0"},
				"up": {"uv": [12, 5.5, 11.5, 5], "texture": "#0"},
				"down": {"uv": [6.5, 11.5, 6, 12], "texture": "#0"}
			}
		},
		{
			"name": "base_bottom",
			"from": [4, 1, 4],
			"to": [8, 4, 7],
			"faces": {
				"north": {"uv": [6, 2, 8, 3.5], "texture": "#0"},
				"east": {"uv": [8.5, 2, 10, 3.5], "texture": "#0"},
				"south": {"uv": [4, 6.5, 6, 8], "texture": "#0"},
				"west": {"uv": [4, 8.5, 5.5, 10], "texture": "#0"},
				"up": {"uv": [8.5, 8, 6.5, 6.5], "texture": "#0"},
				"down": {"uv": [9, 4, 7, 5.5], "texture": "#0"}
			}
		},
		{
			"name": "base_antenna",
			"from": [4.4, 12, 4],
			"to": [7.6, 12.5, 7],
			"faces": {
				"north": {"uv": [0, 9, 1.5, 9.5], "texture": "#0"},
				"east": {"uv": [9, 0, 10.5, 0.5], "texture": "#0"},
				"south": {"uv": [9, 1, 10.5, 1.5], "texture": "#0"},
				"west": {"uv": [2, 9, 3.5, 9.5], "texture": "#0"},
				"up": {"uv": [7.5, 10, 6, 8.5], "texture": "#0"},
				"down": {"uv": [9.5, 8.5, 8, 10], "texture": "#0"}
			}
		},
		{
			"name": "base_antenna_1",
			"from": [7.5, 12, 4.3],
			"to": [7.7, 13, 6.7],
			"faces": {
				"north": {"uv": [11.5, 6, 12, 6.5], "texture": "#0"},
				"east": {"uv": [9, 6, 10, 6.5], "texture": "#0"},
				"south": {"uv": [7, 11.5, 7.5, 12], "texture": "#0"},
				"west": {"uv": [9, 7, 10, 7.5], "texture": "#0"},
				"up": {"uv": [10, 5, 9.5, 4], "texture": "#0"},
				"down": {"uv": [0.5, 10, 0, 11], "texture": "#0"}
			}
		},
		{
			"name": "base_antenna_2",
			"from": [4.25, 12, 4.3],
			"to": [4.45, 13, 6.7],
			"faces": {
				"north": {"uv": [11.5, 7, 12, 7.5], "texture": "#0"},
				"east": {"uv": [1, 10, 2, 10.5], "texture": "#0"},
				"south": {"uv": [8, 11.5, 8.5, 12], "texture": "#0"},
				"west": {"uv": [2.5, 10, 3.5, 10.5], "texture": "#0"},
				"up": {"uv": [10.5, 9, 10, 8], "texture": "#0"},
				"down": {"uv": [10.5, 9.5, 10, 10.5], "texture": "#0"}
			}
		}
	],
	"display": {
		"thirdperson_righthand": {
			"rotation": [10, 115, 0],
			"translation": [1.25, 3.75, 0.5],
			"scale": [0.65, 0.65, 0.65]
		},
		"thirdperson_lefthand": {
			"rotation": [10, 115, 0],
			"translation": [2, 3, 3],
			"scale": [0.65, 0.65, 0.65]
		},
		"firstperson_righthand": {
			"rotation": [-34, 137, 5],
			"translation": [-2, 2.75, 1.13],
			"scale": [0.8, 0.8, 0.8]
		},
		"firstperson_lefthand": {
			"rotation": [-34, 137, 5],
			"translation": [2.5, 2.75, 1.13],
			"scale": [0.8, 0.8, 0.8]
		},
		"ground": {
			"rotation": [90, 0, 0],
			"translation": [1.75, -4.75, 0.5],
			"scale": [0.8, 0.8, 0.8]
		},
		"gui": {
			"rotation": [0, 164, 31],
			"translation": [-0.25, 2.75, 0],
			"scale": [1.44, 1.44, 1.44]
		},
		"head": {
			"rotation": [0, 180, 0],
			"translation": [0, 13, 7]
		},
		"fixed": {
			"translation": [2.25, 1.5, 1]
		}
	}
}