{
	"credit": "Made with Blockbench",
	"texture_size": [32, 32],
	"textures": {
		"0": "item/crucifix",
		"particle": "item/crucifix"
	},
	"elements": [
		{
			"name": "main",
			"from": [7, 1, 8],
			"to": [9, 15, 10],
			"rotation": {"angle": 0, "axis": "y", "origin": [8, 8, 8]},
			"faces": {
				"north": {"uv": [0, 0, 1, 7], "texture": "#0"},
				"east": {"uv": [1.5, 0, 2.5, 7], "texture": "#0"},
				"south": {"uv": [3, 0, 4, 7], "texture": "#0"},
				"west": {"uv": [4.5, 0, 5.5, 7], "texture": "#0"},
				"up": {"uv": [10, 10, 9, 9], "texture": "#0"},
				"down": {"uv": [1, 9.5, 0, 10.5], "texture": "#0"}
			}
		},
		{
			"name": "left_hand",
			"from": [9, 10, 8],
			"to": [12.5, 12, 10],
			"rotation": {"angle": 0, "axis": "y", "origin": [8, 8, 8]},
			"faces": {
				"north": {"uv": [8, 0, 10, 1], "texture": "#0"},
				"east": {"uv": [1.5, 9.5, 2.5, 10.5], "texture": "#0"},
				"south": {"uv": [8, 1.5, 10, 2.5], "texture": "#0"},
				"west": {"uv": [3, 9.5, 4, 10.5], "texture": "#0"},
				"up": {"uv": [10, 4, 8, 3], "texture": "#0"},
				"down": {"uv": [6, 8, 4, 9], "texture": "#0"}
			}
		},
		{
			"name": "right_hand",
			"from": [3.5, 10, 8],
			"to": [7, 12, 10],
			"rotation": {"angle": 0, "axis": "y", "origin": [8, 8, 8]},
			"faces": {
				"north": {"uv": [8, 4.5, 10, 5.5], "texture": "#0"},
				"east": {"uv": [4.5, 9.5, 5.5, 10.5], "texture": "#0"},
				"south": {"uv": [8, 6, 10, 7], "texture": "#0"},
				"west": {"uv": [6, 9.5, 7, 10.5], "texture": "#0"},
				"up": {"uv": [8.5, 9, 6.5, 8], "texture": "#0"},
				"down": {"uv": [11, 7.5, 9, 8.5], "texture": "#0"}
			}
		},
		{
			"name": "middle",
			"from": [6.5, 9.5, 7.75],
			"to": [9.5, 12.5, 10.25],
			"rotation": {"angle": 0, "axis": "z", "origin": [8, 11, 9]},
			"faces": {
				"north": {"uv": [6, 0, 7.5, 1.5], "texture": "#0"},
				"east": {"uv": [6, 2, 7.5, 3.5], "texture": "#0"},
				"south": {"uv": [6, 4, 7.5, 5.5], "texture": "#0"},
				"west": {"uv": [6, 6, 7.5, 7.5], "texture": "#0"},
				"up": {"uv": [1.5, 9, 0, 7.5], "texture": "#0"},
				"down": {"uv": [3.5, 7.5, 2, 9], "texture": "#0"}
			}
		},
		{
			"name": "right",
			"from": [4.1, 13.5, 7.75],
			"to": [5.5, 14.9, 10.25],
			"rotation": {"angle": 45, "axis": "z", "origin": [8, 11, 9]},
			"faces": {
				"north": {"uv": [7, 11.5, 7.5, 12], "texture": "#0"},
				"east": {"uv": [10.5, 0, 12, 0.5], "texture": "#0"},
				"south": {"uv": [11.5, 7, 12, 7.5], "texture": "#0"},
				"west": {"uv": [10.5, 1, 12, 1.5], "texture": "#0"},
				"up": {"uv": [8, 11, 7.5, 9.5], "texture": "#0"},
				"down": {"uv": [11, 2, 10.5, 3.5], "texture": "#0"}
			}
		},
		{
			"name": "left",
			"from": [10.5, 7.1, 7.75],
			"to": [11.9, 8.5, 10.25],
			"rotation": {"angle": 45, "axis": "z", "origin": [8, 11, 9]},
			"faces": {
				"north": {"uv": [11.5, 8, 12, 8.5], "texture": "#0"},
				"east": {"uv": [10.5, 4, 12, 4.5], "texture": "#0"},
				"south": {"uv": [11.5, 9, 12, 9.5], "texture": "#0"},
				"west": {"uv": [10.5, 5, 12, 5.5], "texture": "#0"},
				"up": {"uv": [9, 12, 8.5, 10.5], "texture": "#0"},
				"down": {"uv": [11, 9, 10.5, 10.5], "texture": "#0"}
			}
		},
		{
			"name": "top",
			"from": [10.1, 13.1, 7.75],
			"to": [11.5, 14.5, 10.25],
			"rotation": {"angle": 45, "axis": "z", "origin": [8, 11, 9]},
			"faces": {
				"north": {"uv": [11.5, 10, 12, 10.5], "texture": "#0"},
				"east": {"uv": [10.5, 6, 12, 6.5], "texture": "#0"},
				"south": {"uv": [11.5, 11, 12, 11.5], "texture": "#0"},
				"west": {"uv": [0, 11, 1.5, 11.5], "texture": "#0"},
				"up": {"uv": [10, 12, 9.5, 10.5], "texture": "#0"},
				"down": {"uv": [2.5, 11, 2, 12.5], "texture": "#0"}
			}
		},
		{
			"name": "bottom",
			"from": [0.2, 3.2, 7.75],
			"to": [1.6, 4.6, 10.25],
			"rotation": {"angle": 45, "axis": "z", "origin": [8, 11, 9]},
			"faces": {
				"north": {"uv": [0, 12, 0.5, 12.5], "texture": "#0"},
				"east": {"uv": [3, 11, 4.5, 11.5], "texture": "#0"},
				"south": {"uv": [1, 12, 1.5, 12.5], "texture": "#0"},
				"west": {"uv": [5, 11, 6.5, 11.5], "texture": "#0"},
				"up": {"uv": [11, 12.5, 10.5, 11], "texture": "#0"},
				"down": {"uv": [12, 2, 11.5, 3.5], "texture": "#0"}
			}
		}
	],
	"gui_light": "front",
	"display": {
		"thirdperson_righthand": {
			"translation": [-0.25, 1.75, 0.5],
			"scale": [0.85, 0.85, 0.85]
		},
		"thirdperson_lefthand": {
			"translation": [-0.25, 1.75, 0.5],
			"scale": [0.85, 0.85, 0.85]
		},
		"firstperson_righthand": {
			"rotation": [0, 2, 11],
			"translation": [1, 2.25, 0],
			"scale": [0.75, 0.75, 0.75]
		},
		"firstperson_lefthand": {
			"rotation": [0, -29, 0],
			"translation": [2.75, 2.25, 0.5],
			"scale": [0.75, 0.75, 0.75]
		},
		"ground": {
			"rotation": [90, 0, 0],
			"translation": [0, -0.5, 0]
		},
		"gui": {
			"rotation": [0, -17, -28],
			"translation": [0, -10.5, 0],
			"scale": [1.25, 1.25, 1.25]
		},
		"fixed": {
			"translation": [0, 0.25, -2.25],
			"scale": [2, 2, 2]
		}
	}
}