{
	"credit": "Made with Blockbench",
	"texture_size": [64, 64],
	"textures": {
		"0": "block/heater/heater",
		"1": "block/heater/empty",
		"particle": "block/heater/heater"
	},
	"elements": [
		{
			"name": "center",
			"from": [3, 2, 3],
			"to": [13, 12, 13],
			"rotation": {"angle": -45, "axis": "y", "origin": [8, 8, 8]},
			"faces": {
				"north": {"uv": [0, 0, 5, 5.5], "texture": "#0"},
				"east": {"uv": [5, 0, 10, 5.5], "texture": "#0"},
				"south": {"uv": [0, 5.5, 5, 11], "texture": "#0"},
				"west": {"uv": [5, 5.5, 10, 11], "texture": "#0"},
				"up": {"uv": [15, 5, 10, 0], "texture": "#0"},
				"down": {"uv": [15, 5, 10, 10], "texture": "#0"}
			}
		},
		{
			"name": "footer",
			"from": [2.25, 0, 2.25],
			"to": [13.75, 3, 13.75],
			"rotation": {"angle": -45, "axis": "y", "origin": [8, 8, 8]},
			"faces": {
				"north": {"uv": [6, 2.25, 9, 3], "texture": "#1"},
				"east": {"uv": [3, 6, 6, 6.75], "texture": "#1"},
				"south": {"uv": [6, 3, 9, 3.75], "texture": "#1"},
				"west": {"uv": [6, 3.75, 9, 4.5], "texture": "#1"},
				"up": {"uv": [6, 3, 3, 0], "texture": "#1"},
				"down": {"uv": [6, 3, 3, 6], "texture": "#1"}
			}
		},
		{
			"name": "header",
			"from": [2.25, 8, 2.25],
			"to": [13.75, 11, 13.75],
			"rotation": {"angle": -45, "axis": "y", "origin": [8, 8, 8]},
			"faces": {
				"north": {"uv": [0, 6, 3, 6.75], "texture": "#1"},
				"east": {"uv": [6, 0, 9, 0.75], "texture": "#1"},
				"south": {"uv": [6, 0.75, 9, 1.5], "texture": "#1"},
				"west": {"uv": [6, 1.5, 9, 2.25], "texture": "#1"},
				"up": {"uv": [3, 3, 0, 0], "texture": "#1"},
				"down": {"uv": [3, 3, 0, 6], "texture": "#1"}
			}
		},
		{
			"name": "leg1",
			"from": [6.5, -1.84672, -1.7706],
			"to": [9.5, 3.15328, 1.2294],
			"rotation": {"angle": 22.5, "axis": "x", "origin": [8, 0.65328, -0.2706]},
			"faces": {
				"north": {"uv": [10, 10, 11.5, 12.5], "texture": "#0"},
				"east": {"uv": [0, 11, 1.5, 13.5], "texture": "#0"},
				"south": {"uv": [1.5, 11, 3, 13.5], "texture": "#0"},
				"west": {"uv": [3, 11, 4.5, 13.5], "texture": "#0"},
				"up": {"uv": [6, 12.5, 4.5, 11], "texture": "#0"},
				"down": {"uv": [7.5, 11, 6, 12.5], "texture": "#0"}
			}
		},
		{
			"name": "leg2",
			"from": [6.5, -1.88518, 14.76638],
			"to": [9.5, 3.11482, 17.76638],
			"rotation": {"angle": -22.5, "axis": "x", "origin": [8, 0.61482, 16.26638]},
			"faces": {
				"north": {"uv": [10, 10, 11.5, 12.5], "texture": "#0"},
				"east": {"uv": [0, 11, 1.5, 13.5], "texture": "#0"},
				"south": {"uv": [1.5, 11, 3, 13.5], "texture": "#0"},
				"west": {"uv": [3, 11, 4.5, 13.5], "texture": "#0"},
				"up": {"uv": [6, 12.5, 4.5, 11], "texture": "#0"},
				"down": {"uv": [7.5, 11, 6, 12.5], "texture": "#0"}
			}
		},
		{
			"name": "leg3",
			"from": [14.5, -1.75113, 6.34461],
			"to": [17.5, 3.24887, 9.34461],
			"rotation": {"angle": 22.5, "axis": "z", "origin": [16, 1.24887, 7.34461]},
			"faces": {
				"north": {"uv": [10, 10, 11.5, 12.5], "texture": "#0"},
				"east": {"uv": [0, 11, 1.5, 13.5], "texture": "#0"},
				"south": {"uv": [1.5, 11, 3, 13.5], "texture": "#0"},
				"west": {"uv": [3, 11, 4.5, 13.5], "texture": "#0"},
				"up": {"uv": [6, 12.5, 4.5, 11], "texture": "#0"},
				"down": {"uv": [7.5, 11, 6, 12.5], "texture": "#0"}
			}
		},
		{
			"name": "leg4",
			"from": [-1.84773, -2.4893, 6.59461],
			"to": [1.15227, 2.5107, 9.59461],
			"rotation": {"angle": -22.5, "axis": "z", "origin": [1.15227, 0.5107, 7.34461]},
			"faces": {
				"north": {"uv": [10, 10, 11.5, 12.5], "texture": "#0"},
				"east": {"uv": [0, 11, 1.5, 13.5], "texture": "#0"},
				"south": {"uv": [1.5, 11, 3, 13.5], "texture": "#0"},
				"west": {"uv": [3, 11, 4.5, 13.5], "texture": "#0"},
				"up": {"uv": [6, 12.5, 4.5, 11], "texture": "#0"},
				"down": {"uv": [7.5, 11, 6, 12.5], "texture": "#0"}
			}
		}
	],
	"gui_light": "front",
	"display": {
		"thirdperson_righthand": {
			"rotation": [75, 0, 0],
			"translation": [0, 2.5, 0],
			"scale": [0.375, 0.375, 0.375]
		},
		"thirdperson_lefthand": {
			"rotation": [75, 0, 0],
			"translation": [0, 2.5, 0],
			"scale": [0.375, 0.375, 0.375]
		},
		"firstperson_righthand": {
			"translation": [0, 3, 0],
			"scale": [0.6, 0.6, 0.6]
		},
		"firstperson_lefthand": {
			"rotation": [0, 180, 0],
			"translation": [0, 3, 0],
			"scale": [0.6, 0.6, 0.6]
		},
		"ground": {
			"translation": [0, 3, 0],
			"scale": [0.06, 0.06, 0.06]
		},
		"gui": {
			"rotation": [30, 180, 0],
			"translation": [0, 2.25, 0],
			"scale": [0.7, 0.7, 0.7]
		},
		"head": {
			"rotation": [0, 45, 0],
			"translation": [0, -8, 0],
			"scale": [1, 1, 1]
		},
		"fixed": {
			"scale": [0.03, 0.03, 0.03]
		}
	},
	"groups": [
		0,
		1,
		2,
		{
			"name": "legs",
			"origin": [8, 0.9975, 17.19026],
			"color": 0,
			"children": [3, 4, 5, 6]
		}
	]
}