{
    "parent": "minecraft:item/generated",
    "textures": {
      "layer0": "minecraft:item/arrow"
    },
  "overrides": [
    {"predicate": {"custom_model_data":1}, "model": "item/gui/empty"},
    {"predicate": {"custom_model_data":10}, "model": "item/gui/empty"},
    {"predicate": {"custom_model_data":11}, "model": "item/gui/empty"},
    {"predicate": {"custom_model_data":20}, "model": "item/gui/buttons/materials"},
    {"predicate": {"custom_model_data":21}, "model": "item/gui/buttons/weapons"},
    {"predicate": {"custom_model_data":22}, "model": "item/gui/buttons/tools"},

    {"predicate": {"custom_model_data":23}, "model": "item/gui/buttons/empty"},

    {"predicate": {"custom_model_data":101000}, "model": "item/gui/icons/materials/iron_ingot"},
    {"predicate": {"custom_model_data":102000}, "model": "item/gui/icons/materials/copper_ingot"},
    {"predicate": {"custom_model_data":103000}, "model": "item/gui/icons/materials/gold_ingot"},
    {"predicate": {"custom_model_data":104000}, "model": "item/gui/icons/materials/diamond"},
    {"predicate": {"custom_model_data":105000}, "model": "item/gui/icons/materials/amethyst_gem"},
    {"predicate": {"custom_model_data":106000}, "model": "item/gui/icons/materials/netherite_ingot"},
    {"predicate": {"custom_model_data":107000}, "model": "item/gui/icons/materials/emerald_gem"},
    {"predicate": {"custom_model_data":108000}, "model": "item/gui/icons/materials/echoite"},

    {"predicate": {"custom_model_data":109999}, "model": "item/gui/buttons/empty"},

    {"predicate": {"custom_model_data":11100}, "model": "item/gui/icons/iron/sword/iron_shortsword"},
    {"predicate": {"custom_model_data":11101}, "model": "item/gui/icons/iron/sword/iron_dagger"},
    {"predicate": {"custom_model_data":11102}, "model": "item/gui/icons/iron/sword/iron_khopesh"},
    {"predicate": {"custom_model_data":11103}, "model": "item/gui/icons/iron/sword/iron_kukri"},


    {"predicate": {"custom_model_data":11200}, "model": "item/gui/icons/iron/sword/iron_longsword"},
    {"predicate": {"custom_model_data":11201}, "model": "item/gui/icons/iron/sword/iron_broadsword"},
    {"predicate": {"custom_model_data":11202}, "model": "item/gui/icons/iron/sword/iron_scimitar"},
    {"predicate": {"custom_model_data":11203}, "model": "item/gui/icons/iron/sword/iron_rapier"},
    {"predicate": {"custom_model_data":11204}, "model": "item/gui/icons/iron/sword/iron_katana"},
    {"predicate": {"custom_model_data":11205}, "model": "item/gui/icons/iron/sword/iron_greatsword"},
    {"predicate": {"custom_model_data":11206}, "model": "item/gui/icons/iron/sword/iron_fullblade"},


    {"predicate": {"custom_model_data":11300}, "model": "item/gui/icons/iron/sword/iron_shielded_blade"},



    {"predicate": {"custom_model_data":12100}, "model": "item/gui/icons/copper/sword/copper_shortsword"},
    {"predicate": {"custom_model_data":12101}, "model": "item/gui/icons/copper/sword/copper_dagger"},
    {"predicate": {"custom_model_data":12102}, "model": "item/gui/icons/copper/sword/copper_khopesh"},
    {"predicate": {"custom_model_data":12103}, "model": "item/gui/icons/copper/sword/copper_kukri"},


    {"predicate": {"custom_model_data":12200}, "model": "item/gui/icons/copper/sword/copper_longsword"},
    {"predicate": {"custom_model_data":12201}, "model": "item/gui/icons/copper/sword/copper_broadsword"},
    {"predicate": {"custom_model_data":12202}, "model": "item/gui/icons/copper/sword/copper_scimitar"},
    {"predicate": {"custom_model_data":12203}, "model": "item/gui/icons/copper/sword/copper_rapier"},
    {"predicate": {"custom_model_data":12204}, "model": "item/gui/icons/copper/sword/copper_katana"},
    {"predicate": {"custom_model_data":12205}, "model": "item/gui/icons/copper/sword/copper_greatsword"},
    {"predicate": {"custom_model_data":12206}, "model": "item/gui/icons/copper/sword/copper_fullblade"},


    {"predicate": {"custom_model_data":12300}, "model": "item/gui/icons/copper/sword/copper_shielded_blade"},

    {"predicate": {"custom_model_data":29999}, "model": "item/gui/buttons/empty"},

    {"predicate": {"custom_model_data":31000}, "model": "item/gui/icons/iron/pickaxe/iron_pickaxe"},

    {"predicate": {"custom_model_data":31100}, "model": "item/gui/icons/iron/axe/iron_axe"},

    {"predicate": {"custom_model_data":31200}, "model": "item/gui/icons/iron/shovel/iron_shovel"},

    {"predicate": {"custom_model_data":31300}, "model": "item/gui/icons/iron/hoe/iron_hoe"},


    {"predicate": {"custom_model_data":32000}, "model": "item/gui/icons/copper/pickaxe/copper_pickaxe"},

    {"predicate": {"custom_model_data":32100}, "model": "item/gui/icons/copper/axe/copper_axe"},

    {"predicate": {"custom_model_data":32200}, "model": "item/gui/icons/copper/shovel/copper_shovel"},

    {"predicate": {"custom_model_data":32300}, "model": "item/gui/icons/copper/hoe/copper_hoe"},


    {"predicate": {"custom_model_data":49999}, "model": "item/gui/buttons/empty"}

  ]
}