{
  "parent": "minecraft:block/furnace",
  "overrides": [
    {"predicate": {"custom_model_data":1}, "model": "item/heater/base_red"},
    {"predicate": {"custom_model_data":2}, "model": "item/heater/base_blue"},
    {"predicate": {"custom_model_data":3}, "model": "item/heater/base_green"},
    {"predicate": {"custom_model_data":4}, "model": "item/heater/base_yellow"},
    {"predicate": {"custom_model_data":10}, "model": "item/heater/base"},
    {"predicate": {"custom_model_data":11}, "model": "item/heater/base_red_empty"},
    {"predicate": {"custom_model_data":12}, "model": "item/heater/base_blue_empty"},
    {"predicate": {"custom_model_data":13}, "model": "item/heater/base_green_empty"},
    {"predicate": {"custom_model_data":14}, "model": "item/heater/base_yellow_empty"},
    {"predicate": {"custom_model_data":20}, "model": "item/heater/base_empty"}
  ]
}