{
	"credit": "Made with Blockbench",
	"texture_size": [32, 32],
	"textures": {
		"1": "item/overheat"
	},
	"elements": [
		{
			"name": "base",
			"from": [5, 0, 4],
			"to": [11, 2, 13],
			"rotation": {"angle": 0, "axis": "y", "origin": [8, 1, 5.5]},
			"faces": {
				"north": {"uv": [0, 5.5, 3, 6.5], "texture": "#1"},
				"east": {"uv": [0, 4.5, 4.5, 5.5], "texture": "#1"},
				"south": {"uv": [3, 5.5, 6, 6.5], "texture": "#1"},
				"west": {"uv": [4.5, 4.5, 9, 5.5], "texture": "#1"},
				"up": {"uv": [3, 4.5, 0, 0], "texture": "#1"},
				"down": {"uv": [6, 0, 3, 4.5], "texture": "#1"}
			}
		},
		{
			"name": "tip",
			"from": [6, 0.5, 1],
			"to": [10, 1.5, 4],
			"rotation": {"angle": 0, "axis": "y", "origin": [8, 1, 5.5]},
			"faces": {
				"north": {"uv": [6, 3, 8, 3.5], "texture": "#1"},
				"east": {"uv": [6, 4, 7.5, 4.5], "texture": "#1"},
				"south": {"uv": [6, 3.5, 8, 4], "texture": "#1"},
				"west": {"uv": [6, 5.5, 7.5, 6], "texture": "#1"},
				"up": {"uv": [8, 1.5, 6, 0], "texture": "#1"},
				"down": {"uv": [8, 1.5, 6, 3], "texture": "#1"}
			}
		}
	],
	"gui_light": "front",
	"display": {
		"thirdperson_righthand": {
			"rotation": [90, 30, 0],
			"translation": [-0.75, 2, 4.75],
			"scale": [0.55, 0.55, 0.55]
		},
		"thirdperson_lefthand": {
			"rotation": [90, 30, 0],
			"translation": [-0.75, 2, 4.75],
			"scale": [0.55, 0.55, 0.55]
		},
		"firstperson_righthand": {
			"rotation": [57, 20, 18],
			"translation": [-1, 5.25, 5.5],
			"scale": [0.68, 0.68, 0.68]
		},
		"firstperson_lefthand": {
			"rotation": [57, 20, 18],
			"translation": [-1, 5.25, 5.5],
			"scale": [0.68, 0.68, 0.68]
		},
		"ground": {
			"translation": [0, 2, 0],
			"scale": [0.01, 0.01, 0.01]
		},
		"gui": {
			"rotation": [90, -45, 0],
			"translation": [-0.25, -0.5, 0],
			"scale": [1.15, 1.15, 1.15]
		},
		"head": {
			"rotation": [0, 180, 0],
			"translation": [0, 13, 7]
		},
		"fixed": {
			"rotation": [90, 45, 180],
			"translation": [0.25, -0.25, -11.25],
			"scale": [1.5, 1.5, 1.5]
		}
	}
}