{
	"credit": "Made with Blockbench",
	"textures": {
		"0": "item/steam_bomb",
		"particle": "item/pin"
	},
	"elements": [
		{
			"name": "bottom",
			"from": [6.5, 5, 6.5],
			"to": [9.5, 5.5, 9.5],
			"faces": {
				"north": {"uv": [3.5, 2.75, 4.25, 3], "texture": "#0"},
				"east": {"uv": [3.5, 3, 4.25, 3.25], "texture": "#0"},
				"south": {"uv": [0, 3.75, 0.75, 4], "texture": "#0"},
				"west": {"uv": [0.75, 3.75, 1.5, 4], "texture": "#0"},
				"up": {"uv": [2.25, 4, 1.5, 3.25], "texture": "#0"},
				"down": {"uv": [3, 3.25, 2.25, 4], "texture": "#0"}
			}
		},
		{
			"name": "middle",
			"from": [7, 5, 7],
			"to": [9, 6, 9],
			"faces": {
				"north": {"uv": [4, 2.5, 4.5, 2.75], "texture": "#0"},
				"east": {"uv": [3, 4, 3.5, 4.25], "texture": "#0"},
				"south": {"uv": [3.5, 4, 4, 4.25], "texture": "#0"},
				"west": {"uv": [4, 4, 4.5, 4.25], "texture": "#0"},
				"up": {"uv": [3.25, 2.5, 2.75, 2], "texture": "#0"},
				"down": {"uv": [4, 2.25, 3.5, 2.75], "texture": "#0"}
			}
		},
		{
			"name": "1",
			"from": [6, 0, 6.5],
			"to": [10, 5, 9.5],
			"faces": {
				"north": {"uv": [0, 0, 1, 1.25], "texture": "#0"},
				"east": {"uv": [2, 0, 2.75, 1.25], "texture": "#0"},
				"south": {"uv": [1, 0, 2, 1.25], "texture": "#0"},
				"west": {"uv": [2, 1.25, 2.75, 2.5], "texture": "#0"},
				"up": {"uv": [2.5, 3.25, 1.5, 2.5], "texture": "#0"},
				"down": {"uv": [3.5, 2.5, 2.5, 3.25], "texture": "#0"}
			}
		},
		{
			"name": "2",
			"from": [6.5, 0, 6],
			"to": [9.5, 5, 10],
			"faces": {
				"north": {"uv": [0, 2.5, 0.75, 3.75], "texture": "#0"},
				"east": {"uv": [0, 1.25, 1, 2.5], "texture": "#0"},
				"south": {"uv": [0.75, 2.5, 1.5, 3.75], "texture": "#0"},
				"west": {"uv": [1, 1.25, 2, 2.5], "texture": "#0"},
				"up": {"uv": [3.5, 1, 2.75, 0], "texture": "#0"},
				"down": {"uv": [3.5, 1, 2.75, 2], "texture": "#0"}
			}
		},
		{
			"name": "bottom",
			"from": [6.5, -0.5, 6.5],
			"to": [9.5, 0, 9.5],
			"faces": {
				"north": {"uv": [0.75, 4, 1.5, 4.25], "texture": "#0"},
				"east": {"uv": [1.5, 4, 2.25, 4.25], "texture": "#0"},
				"south": {"uv": [2.25, 4, 3, 4.25], "texture": "#0"},
				"west": {"uv": [4, 2.25, 4.75, 2.5], "texture": "#0"},
				"up": {"uv": [4.25, 1.5, 3.5, 0.75], "texture": "#0"},
				"down": {"uv": [4.25, 1.5, 3.5, 2.25], "texture": "#0"}
			}
		}
	],
	"gui_light": "front",
	"display": {
		"thirdperson_righthand": {
			"rotation": [0, 90, 55],
			"translation": [0, 4, 2.5]
		},
		"thirdperson_lefthand": {
			"rotation": [0, -90, -55],
			"translation": [0, 4, 2.5]
		},
		"firstperson_righthand": {
			"rotation": [0, 90, 25],
			"translation": [0, 5.75, 0.8]
		},
		"firstperson_lefthand": {
			"rotation": [0, -90, -25],
			"translation": [0, 5.75, 0.8]
		},
		"ground": {
			"rotation": [78, 0, 0],
			"translation": [-0.5, 4, 7.25],
			"scale": [1, 1, 1]
		},
		"gui": {
			"rotation": [0, -180, 0],
			"translation": [-0.5, 9.75, 0],
			"scale": [2, 2, 2]
		},
		"head": {
			"rotation": [89, 0, 0],
			"translation": [0, -38.4, 8],
			"scale": [1.6, 1.6, 1.6]
		},
		"fixed": {
			"rotation": [0, 180, -35],
			"translation": [-5.75, 8, 0],
			"scale": [2, 2, 2]
		}
	},
	"groups": [
		0,
		{
			"name": "top",
			"origin": [0, 0, 0],
			"color": 0,
			"children": [1, 2, 3]
		},
		{
			"name": "center",
			"origin": [0, 0, 0],
			"color": 0,
			"children": [4, 5]
		},
		6
	]
}