{
    "textures": {
        "0": "block/minecart",
        "1": "block/chest"
    },
    "elements": [
        {
            "name": "Cube",
            "from": [1, 4, 1],
            "to": [15, 18, 15],
            "faces": {
                "north": {"uv": [10.5, 1.25, 14, 4.75], "rotation": 180, "texture": "#1"},
                "east": {"uv": [0, 1.25, 3.5, 4.75], "rotation": 180, "texture": "#1"},
                "south": {"uv": [0, 1.25, 3.5, 4.75], "rotation": 180, "texture": "#1"},
                "west": {"uv": [3.5, 1.25, 0, 4.75], "rotation": 180, "texture": "#1"},
                "up": {"uv": [7, 0, 10.5, 3.5], "texture": "#1"},
                "down": {"uv": [3.5, 0, 7, 3.5], "texture": "#1"}
            }
        },
        {
            "name": "Cube",
            "from": [7, 11, 0],
            "to": [9, 15, 2],
            "faces": {
                "north": {"uv": [0.25, 0.25, 0.75, 1.25], "rotation": 180, "texture": "#1"},
                "east": {"uv": [0.25, 0.25, 0, 1.25], "rotation": 180, "texture": "#1"},
                "south": {"uv": [0.75, 0.25, 1.25, 1.25], "rotation": 180, "texture": "#1"},
                "west": {"uv": [1.25, 0.25, 1.5, 1.25], "rotation": 180, "texture": "#1"},
                "up": {"uv": [0.75, 0, 0.25, 0.25], "texture": "#1"},
                "down": {"uv": [0.75, 0.25, 1.25, 0], "texture": "#1"}
            }
        },
        {
            "name": "Cube",
            "from": [-2.4, -2.4, -5],
            "to": [18.4, 0.2, 21],
            "faces": {
                "north": {"uv": [5.5, 6, 6, 14], "rotation": 90, "texture": "#0"},
                "east": {"uv": [0.5, 5, 5.5, 6], "texture": "#0"},
                "south": {"uv": [0, 6, 0.5, 14], "rotation": 90, "texture": "#0"},
                "west": {"uv": [5.5, 5, 10.5, 6], "texture": "#0"},
                "up": {"uv": [6, 6, 11, 14], "rotation": 90, "texture": "#0"},
                "down": {"uv": [5.5, 6, 0.5, 14], "rotation": 90, "texture": "#0"}
            }
        },
        {
            "name": "Cube",
            "from": [ -2.4, -2.4, -5.0 ],
            "to": [ 18.4, 0.2, 21.0 ],
            "faces": {
                "north": { "texture": "#0", "uv": [ 5.5, 6.0, 6.0, 14.0 ], "rotation": 90 },
                "east": { "texture": "#0", "uv": [ 0.5, 5.0, 5.5, 6.0 ] },
                "south": { "texture": "#0", "uv": [ 0.0, 6.0, 0.5, 14.0 ], "rotation": 90 },
                "west": { "texture": "#0", "uv": [ 5.5, 5.0, 10.5, 6.0 ] },
                "up": { "texture": "#0", "uv": [ 6.0, 6.0, 11.0, 14.0 ], "rotation": 90 },
                "down": { "texture": "#0", "uv": [ 5.5, 6.0, 0.5, 14.0 ], "rotation": 90 }
            }
        },
        {
            "name": "Cube",
            "from": [ -2.4, 0.2, -5.0 ],
            "to": [ 18.4, 10.6, -2.4 ],
            "faces": {
                "north": { "texture": "#0", "uv": [ 5.0, 1.0, 9.0, 5.0 ] },
                "east": { "texture": "#0", "uv": [ 4.5, 1.0, 5.0, 5.0 ] },
                "south": { "texture": "#0", "uv": [ 0.5, 1.0, 4.5, 5.0 ] },
                "west": { "texture": "#0", "uv": [ 0.0, 1.0, 0.5, 5.0 ] },
                "up": { "texture": "#0", "uv": [ 0.5, 0.0, 4.5, 1.0 ] },
                "down": { "texture": "#0", "uv": [ 0.5, 0.0, 4.5, 1.0 ] }
            }
        },
        {
            "name": "Cube",
            "from": [ -2.4, 0.2, 18.4 ],
            "to": [ 18.4, 10.6, 21.0 ],
            "faces": {
                "north": { "texture": "#0", "uv": [ 0.5, 1.0, 4.5, 5.0 ] },
                "east": { "texture": "#0", "uv": [ 0.0, 1.0, 0.5, 5.0 ] },
                "south": { "texture": "#0", "uv": [ 5.0, 1.0, 9.0, 5.0 ] },
                "west": { "texture": "#0", "uv": [ 4.5, 1.0, 5.0, 5.0 ] },
                "up": { "texture": "#0", "uv": [ 0.5, 1.0, 4.5, 0.0 ] },
                "down": { "texture": "#0", "uv": [ 0.5, 0.0, 4.5, 1.0 ] }
            }
        },
        {
            "name": "Cube",
            "from": [ -2.4, 0.2, -2.4 ],
            "to": [ 0.2, 10.6, 18.4 ],
            "faces": {
                "east": { "texture": "#0", "uv": [ 0.5, 1.0, 4.5, 5.0 ] },
                "west": { "texture": "#0", "uv": [ 5.0, 1.0, 9.0, 5.0 ] },
                "up": { "texture": "#0", "uv": [ 0.5, 0.0, 4.5, 1.0 ], "rotation": 270 }
            }
        },
        {
            "name": "Cube",
            "from": [ 15.8, 0.2, -2.4 ],
            "to": [ 18.4, 10.6, 18.4 ],
            "faces": {
                "east": { "texture": "#0", "uv": [ 5.0, 1.0, 9.0, 5.0 ] },
                "west": { "texture": "#0", "uv": [ 0.5, 1.0, 4.5, 5.0 ] },
                "up": { "texture": "#0", "uv": [ 0.5, 0.0, 4.5, 1.0 ], "rotation": 90 }
            }
        }
    ]
}
