{
  "parent": "minecraft:item/generated",
  "textures": {
    "layer0": "minecraft:item/glow_item_frame"
  },
  "overrides": [
    {"predicate": {"custom_model_data":1}, "model": "item/heater/base_red"},
    {"predicate": {"custom_model_data":2}, "model": "item/heater/base_blue"},
    {"predicate": {"custom_model_data":3}, "model": "item/heater/base_green"},
    {"predicate": {"custom_model_data":4}, "model": "item/heater/base_yellow"},
    {"predicate": {"custom_model_data":10}, "model": "item/heater/base"}
  ]
}