{
	"credit": "Made with Blockbench",
	"texture_size": [32, 32],
	"textures": {
		"0": "item/steam_step",
		"particle": "item/steam_step"
	},
	"elements": [
		{
			"name": "base",
			"from": [5, 1, 6],
			"to": [11, 3, 10],
			"faces": {
				"north": {"uv": [7.5, 0, 10.5, 1], "texture": "#0"},
				"east": {"uv": [0, 7, 2, 8], "texture": "#0"},
				"south": {"uv": [7.5, 1, 10.5, 2], "texture": "#0"},
				"west": {"uv": [7.5, 2, 9.5, 3], "texture": "#0"},
				"up": {"uv": [5.5, 2, 2.5, 0], "texture": "#0"},
				"down": {"uv": [5.5, 2, 2.5, 4], "texture": "#0"}
			}
		},
		{
			"name": "middle",
			"from": [6, 0, 6],
			"to": [10, 4, 10],
			"faces": {
				"north": {"uv": [2.5, 4, 4.5, 6], "texture": "#0"},
				"east": {"uv": [4.5, 4, 6.5, 6], "texture": "#0"},
				"south": {"uv": [0, 5, 2, 7], "texture": "#0"},
				"west": {"uv": [5.5, 0, 7.5, 2], "texture": "#0"},
				"up": {"uv": [7.5, 4, 5.5, 2], "texture": "#0"},
				"down": {"uv": [4, 6, 2, 8], "texture": "#0"}
			}
		},
		{
			"name": "small",
			"from": [5.5, 0.5, 5.5],
			"to": [10.5, 3.5, 10.5],
			"faces": {
				"north": {"uv": [4, 6, 6.5, 7.5], "texture": "#0"},
				"east": {"uv": [6.5, 4, 9, 5.5], "texture": "#0"},
				"south": {"uv": [6.5, 5.5, 9, 7], "texture": "#0"},
				"west": {"uv": [6.5, 7, 9, 8.5], "texture": "#0"},
				"up": {"uv": [2.5, 2.5, 0, 0], "texture": "#0"},
				"down": {"uv": [2.5, 2.5, 0, 5], "texture": "#0"}
			}
		}
	],
	"gui_light": "front",
	"display": {
		"thirdperson_righthand": {
			"rotation": [0, -90, -55],
			"translation": [0, -1.5, 2.5],
			"scale": [0.03, 0.03, 0.03]
		},
		"thirdperson_lefthand": {
			"rotation": [0, -90, -55],
			"translation": [0, -1.5, 2.5],
			"scale": [0.03, 0.03, 0.03]
		},
		"firstperson_righthand": {
			"rotation": [0, -135, -67],
			"translation": [-0.25, 4.35, 0.8]
		},
		"firstperson_lefthand": {
			"rotation": [0, -135, -67],
			"translation": [-0.25, 4.35, 0.8]
		},
		"ground": {
			"translation": [0, 5.75, 0]
		},
		"gui": {
			"rotation": [90, 50, 0],
			"translation": [0, -0.25, 0],
			"scale": [2.17, 2.17, 2.17]
		}
	}
}